epoch,fg_ratio,fg_count,anchor_count,tal_topk,box_gain,dfl_gain,loss_box,loss_cls,loss_dfl,loss_box_cls_ratio,solr_enabled,solr_small_thresh,solr_medium_thresh,solr_small_gain,solr_medium_gain,solr_large_gain,solr_small_count,solr_medium_count,solr_large_count,solr_avg_weight,solr_weighted_scores_sum,target_scores_sum,gate_mean,gate_std,gate_min,gate_max,geo_quality_mean,geo_quality_min,geo_quality_max,geo_edge_mean,geo_edge_min,geo_edge_max,metrics/mAP95(B),metrics/mAP95(S),metrics/mAP95(M),metrics/mAP95(L),metrics/mAP50(B)
1,nan,0,0,12,7.5,1.5,nan,nan,nan,nan,False,nan,nan,nan,nan,nan,nan,nan,nan,nan,nan,nan,nan,nan,nan,nan,nan,nan,nan,nan,nan,nan,nan,nan,nan,nan,0.29343
2,nan,0,0,12,7.5,1.5,nan,nan,nan,nan,False,nan,nan,nan,nan,nan,nan,nan,nan,nan,nan,nan,nan,nan,nan,nan,nan,nan,nan,nan,nan,nan,nan,nan,nan,nan,0.29513
3,nan,0,0,12,7.5,1.5,nan,nan,nan,nan,False,nan,nan,nan,nan,nan,nan,nan,nan,nan,nan,nan,nan,nan,nan,nan,nan,nan,nan,nan,nan,nan,nan,nan,nan,nan,0.294
4,nan,0,0,12,7.5,1.5,nan,nan,nan,nan,False,nan,nan,nan,nan,nan,nan,nan,nan,nan,nan,nan,nan,nan,nan,nan,nan,nan,nan,nan,nan,nan,nan,nan,nan,nan,0.29534
5,nan,0,0,12,7.5,1.5,nan,nan,nan,nan,False,nan,nan,nan,nan,nan,nan,nan,nan,nan,nan,nan,nan,nan,nan,nan,nan,nan,nan,nan,nan,nan,nan,nan,nan,nan,0.31496
6,nan,0,0,12,7.5,1.5,nan,nan,nan,nan,False,nan,nan,nan,nan,nan,nan,nan,nan,nan,nan,nan,nan,nan,nan,nan,nan,nan,nan,nan,nan,nan,nan,nan,nan,nan,0.33486
7,nan,0,0,12,7.5,1.5,nan,nan,nan,nan,False,nan,nan,nan,nan,nan,nan,nan,nan,nan,nan,nan,nan,nan,nan,nan,nan,nan,nan,nan,nan,nan,nan,nan,nan,nan,0.33026
8,nan,0,0,12,7.5,1.5,nan,nan,nan,nan,False,nan,nan,nan,nan,nan,nan,nan,nan,nan,nan,nan,nan,nan,nan,nan,nan,nan,nan,nan,nan,nan,nan,nan,nan,nan,0.34138
9,nan,0,0,12,7.5,1.5,nan,nan,nan,nan,False,nan,nan,nan,nan,nan,nan,nan,nan,nan,nan,nan,nan,nan,nan,nan,nan,nan,nan,nan,nan,nan,nan,nan,nan,nan,0.34762
10,nan,0,0,12,7.5,1.5,nan,nan,nan,nan,False,nan,nan,nan,nan,nan,nan,nan,nan,nan,nan,nan,nan,nan,nan,nan,nan,nan,nan,nan,nan,nan,nan,nan,nan,nan,0.358
11,nan,0,0,12,7.5,1.5,nan,nan,nan,nan,False,nan,nan,nan,nan,nan,nan,nan,nan,nan,nan,nan,nan,nan,nan,nan,nan,nan,nan,nan,nan,nan,nan,nan,nan,nan,0.35957
12,nan,0,0,12,7.5,1.5,nan,nan,nan,nan,False,nan,nan,nan,nan,nan,nan,nan,nan,nan,nan,nan,nan,nan,nan,nan,nan,nan,nan,nan,nan,nan,nan,nan,nan,nan,0.37144
13,nan,0,0,12,7.5,1.5,nan,nan,nan,nan,False,nan,nan,nan,nan,nan,nan,nan,nan,nan,nan,nan,nan,nan,nan,nan,nan,nan,nan,nan,nan,nan,nan,nan,nan,nan,0.36795
14,nan,0,0,12,7.5,1.5,nan,nan,nan,nan,False,nan,nan,nan,nan,nan,nan,nan,nan,nan,nan,nan,nan,nan,nan,nan,nan,nan,nan,nan,nan,nan,nan,nan,nan,nan,0.37408
15,nan,0,0,12,7.5,1.5,nan,nan,nan,nan,False,nan,nan,nan,nan,nan,nan,nan,nan,nan,nan,nan,nan,nan,nan,nan,nan,nan,nan,nan,nan,nan,nan,nan,nan,nan,0.37469
16,nan,0,0,12,7.5,1.5,nan,nan,nan,nan,False,nan,nan,nan,nan,nan,nan,nan,nan,nan,nan,nan,nan,nan,nan,nan,nan,nan,nan,nan,nan,nan,nan,nan,nan,nan,0.37769
17,nan,0,0,12,7.5,1.5,nan,nan,nan,nan,False,nan,nan,nan,nan,nan,nan,nan,nan,nan,nan,nan,nan,nan,nan,nan,nan,nan,nan,nan,nan,nan,nan,nan,nan,nan,0.38145
18,nan,0,0,12,7.5,1.5,nan,nan,nan,nan,False,nan,nan,nan,nan,nan,nan,nan,nan,nan,nan,nan,nan,nan,nan,nan,nan,nan,nan,nan,nan,nan,nan,nan,nan,nan,0.38403
19,nan,0,0,12,7.5,1.5,nan,nan,nan,nan,False,nan,nan,nan,nan,nan,nan,nan,nan,nan,nan,nan,nan,nan,nan,nan,nan,nan,nan,nan,nan,nan,nan,nan,nan,nan,0.38294
20,nan,0,0,12,7.5,1.5,nan,nan,nan,nan,False,nan,nan,nan,nan,nan,nan,nan,nan,nan,nan,nan,nan,nan,nan,nan,nan,nan,nan,nan,nan,nan,nan,nan,nan,nan,0.39441
21,nan,0,0,10,7.5,1.5,nan,nan,nan,nan,False,nan,nan,nan,nan,nan,nan,nan,nan,nan,nan,nan,nan,nan,nan,nan,nan,nan,nan,nan,nan,nan,nan,nan,nan,nan,0.39378
22,nan,0,0,10,7.5,1.5,nan,nan,nan,nan,False,nan,nan,nan,nan,nan,nan,nan,nan,nan,nan,nan,nan,nan,nan,nan,nan,nan,nan,nan,nan,nan,nan,nan,nan,nan,0.39927
23,nan,0,0,10,7.5,1.5,nan,nan,nan,nan,False,nan,nan,nan,nan,nan,nan,nan,nan,nan,nan,nan,nan,nan,nan,nan,nan,nan,nan,nan,nan,nan,nan,nan,nan,nan,0.4028
24,nan,0,0,10,7.5,1.5,nan,nan,nan,nan,False,nan,nan,nan,nan,nan,nan,nan,nan,nan,nan,nan,nan,nan,nan,nan,nan,nan,nan,nan,nan,nan,nan,nan,nan,nan,0.40381
25,nan,0,0,10,7.5,1.5,nan,nan,nan,nan,False,nan,nan,nan,nan,nan,nan,nan,nan,nan,nan,nan,nan,nan,nan,nan,nan,nan,nan,nan,nan,nan,nan,nan,nan,nan,0.4058
26,nan,0,0,10,7.5,1.5,nan,nan,nan,nan,False,nan,nan,nan,nan,nan,nan,nan,nan,nan,nan,nan,nan,nan,nan,nan,nan,nan,nan,nan,nan,nan,nan,nan,nan,nan,0.40752
27,nan,0,0,10,7.5,1.5,nan,nan,nan,nan,False,nan,nan,nan,nan,nan,nan,nan,nan,nan,nan,nan,nan,nan,nan,nan,nan,nan,nan,nan,nan,nan,nan,nan,nan,nan,0.40627
28,nan,0,0,10,7.5,1.5,nan,nan,nan,nan,False,nan,nan,nan,nan,nan,nan,nan,nan,nan,nan,nan,nan,nan,nan,nan,nan,nan,nan,nan,nan,nan,nan,nan,nan,nan,0.41132
29,nan,0,0,10,7.5,1.5,nan,nan,nan,nan,False,nan,nan,nan,nan,nan,nan,nan,nan,nan,nan,nan,nan,nan,nan,nan,nan,nan,nan,nan,nan,nan,nan,nan,nan,nan,0.41496
30,nan,0,0,10,7.5,1.5,nan,nan,nan,nan,False,nan,nan,nan,nan,nan,nan,nan,nan,nan,nan,nan,nan,nan,nan,nan,nan,nan,nan,nan,nan,nan,nan,nan,nan,nan,0.41799
31,nan,0,0,10,7.5,1.5,nan,nan,nan,nan,False,nan,nan,nan,nan,nan,nan,nan,nan,nan,nan,nan,nan,nan,nan,nan,nan,nan,nan,nan,nan,nan,nan,nan,nan,nan,0.41336
32,nan,0,0,10,7.5,1.5,nan,nan,nan,nan,False,nan,nan,nan,nan,nan,nan,nan,nan,nan,nan,nan,nan,nan,nan,nan,nan,nan,nan,nan,nan,nan,nan,nan,nan,nan,0.41668
33,nan,0,0,10,7.5,1.5,nan,nan,nan,nan,False,nan,nan,nan,nan,nan,nan,nan,nan,nan,nan,nan,nan,nan,nan,nan,nan,nan,nan,nan,nan,nan,nan,nan,nan,nan,0.41755
34,nan,0,0,10,7.5,1.5,nan,nan,nan,nan,False,nan,nan,nan,nan,nan,nan,nan,nan,nan,nan,nan,nan,nan,nan,nan,nan,nan,nan,nan,nan,nan,nan,nan,nan,nan,0.42151
35,nan,0,0,10,7.5,1.5,nan,nan,nan,nan,False,nan,nan,nan,nan,nan,nan,nan,nan,nan,nan,nan,nan,nan,nan,nan,nan,nan,nan,nan,nan,nan,nan,nan,nan,nan,0.42093
36,nan,0,0,10,7.5,1.5,nan,nan,nan,nan,False,nan,nan,nan,nan,nan,nan,nan,nan,nan,nan,nan,nan,nan,nan,nan,nan,nan,nan,nan,nan,nan,nan,nan,nan,nan,0.42222
37,nan,0,0,10,7.5,1.5,nan,nan,nan,nan,False,nan,nan,nan,nan,nan,nan,nan,nan,nan,nan,nan,nan,nan,nan,nan,nan,nan,nan,nan,nan,nan,nan,nan,nan,nan,0.42503
38,nan,0,0,10,7.5,1.5,nan,nan,nan,nan,False,nan,nan,nan,nan,nan,nan,nan,nan,nan,nan,nan,nan,nan,nan,nan,nan,nan,nan,nan,nan,nan,nan,nan,nan,nan,0.42452
39,nan,0,0,10,7.5,1.5,nan,nan,nan,nan,False,nan,nan,nan,nan,nan,nan,nan,nan,nan,nan,nan,nan,nan,nan,nan,nan,nan,nan,nan,nan,nan,nan,nan,nan,nan,0.42216
40,nan,0,0,10,7.5,1.5,nan,nan,nan,nan,False,nan,nan,nan,nan,nan,nan,nan,nan,nan,nan,nan,nan,nan,nan,nan,nan,nan,nan,nan,nan,nan,nan,nan,nan,nan,0.42436
41,nan,0,0,10,7.525,1.505,nan,nan,nan,nan,False,nan,nan,nan,nan,nan,nan,nan,nan,nan,nan,nan,nan,nan,nan,nan,nan,nan,nan,nan,nan,nan,nan,nan,nan,nan,0.42719
42,nan,0,0,10,7.55,1.51,nan,nan,nan,nan,False,nan,nan,nan,nan,nan,nan,nan,nan,nan,nan,nan,nan,nan,nan,nan,nan,nan,nan,nan,nan,nan,nan,nan,nan,nan,0.42972
43,nan,0,0,10,7.575,1.515,nan,nan,nan,nan,False,nan,nan,nan,nan,nan,nan,nan,nan,nan,nan,nan,nan,nan,nan,nan,nan,nan,nan,nan,nan,nan,nan,nan,nan,nan,0.42905
44,nan,0,0,10,7.6,1.52,nan,nan,nan,nan,False,nan,nan,nan,nan,nan,nan,nan,nan,nan,nan,nan,nan,nan,nan,nan,nan,nan,nan,nan,nan,nan,nan,nan,nan,nan,0.42852
45,nan,0,0,10,7.625,1.525,nan,nan,nan,nan,False,nan,nan,nan,nan,nan,nan,nan,nan,nan,nan,nan,nan,nan,nan,nan,nan,nan,nan,nan,nan,nan,nan,nan,nan,nan,0.42798
46,nan,0,0,10,7.65,1.53,nan,nan,nan,nan,False,nan,nan,nan,nan,nan,nan,nan,nan,nan,nan,nan,nan,nan,nan,nan,nan,nan,nan,nan,nan,nan,nan,nan,nan,nan,0.42919
47,nan,0,0,10,7.675,1.535,nan,nan,nan,nan,False,nan,nan,nan,nan,nan,nan,nan,nan,nan,nan,nan,nan,nan,nan,nan,nan,nan,nan,nan,nan,nan,nan,nan,nan,nan,0.43049
48,nan,0,0,10,7.7,1.54,nan,nan,nan,nan,False,nan,nan,nan,nan,nan,nan,nan,nan,nan,nan,nan,nan,nan,nan,nan,nan,nan,nan,nan,nan,nan,nan,nan,nan,nan,0.43117
49,nan,0,0,10,7.725,1.545,nan,nan,nan,nan,False,nan,nan,nan,nan,nan,nan,nan,nan,nan,nan,nan,nan,nan,nan,nan,nan,nan,nan,nan,nan,nan,nan,nan,nan,nan,0.43216
50,nan,0,0,10,7.75,1.55,nan,nan,nan,nan,False,nan,nan,nan,nan,nan,nan,nan,nan,nan,nan,nan,nan,nan,nan,nan,nan,nan,nan,nan,nan,nan,nan,nan,nan,nan,0.43333
51,nan,0,0,10,7.775,1.555,nan,nan,nan,nan,False,nan,nan,nan,nan,nan,nan,nan,nan,nan,nan,nan,nan,nan,nan,nan,nan,nan,nan,nan,nan,nan,nan,nan,nan,nan,0.43456
52,nan,0,0,10,7.8,1.56,nan,nan,nan,nan,False,nan,nan,nan,nan,nan,nan,nan,nan,nan,nan,nan,nan,nan,nan,nan,nan,nan,nan,nan,nan,nan,nan,nan,nan,nan,0.43411
53,nan,0,0,10,7.825,1.565,nan,nan,nan,nan,False,nan,nan,nan,nan,nan,nan,nan,nan,nan,nan,nan,nan,nan,nan,nan,nan,nan,nan,nan,nan,nan,nan,nan,nan,nan,0.43448
54,nan,0,0,10,7.85,1.57,nan,nan,nan,nan,False,nan,nan,nan,nan,nan,nan,nan,nan,nan,nan,nan,nan,nan,nan,nan,nan,nan,nan,nan,nan,nan,nan,nan,nan,nan,0.43509
55,nan,0,0,10,7.875,1.575,nan,nan,nan,nan,False,nan,nan,nan,nan,nan,nan,nan,nan,nan,nan,nan,nan,nan,nan,nan,nan,nan,nan,nan,nan,nan,nan,nan,nan,nan,0.43605
56,nan,0,0,10,7.9,1.58,nan,nan,nan,nan,False,nan,nan,nan,nan,nan,nan,nan,nan,nan,nan,nan,nan,nan,nan,nan,nan,nan,nan,nan,nan,nan,nan,nan,nan,nan,0.43567
57,nan,0,0,10,7.925,1.585,nan,nan,nan,nan,False,nan,nan,nan,nan,nan,nan,nan,nan,nan,nan,nan,nan,nan,nan,nan,nan,nan,nan,nan,nan,nan,nan,nan,nan,nan,0.43565
58,nan,0,0,10,7.95,1.59,nan,nan,nan,nan,False,nan,nan,nan,nan,nan,nan,nan,nan,nan,nan,nan,nan,nan,nan,nan,nan,nan,nan,nan,nan,nan,nan,nan,nan,nan,0.43594
59,nan,0,0,10,7.975,1.595,nan,nan,nan,nan,False,nan,nan,nan,nan,nan,nan,nan,nan,nan,nan,nan,nan,nan,nan,nan,nan,nan,nan,nan,nan,nan,nan,nan,nan,nan,0.43569
60,nan,0,0,10,8.0,1.6,nan,nan,nan,nan,False,nan,nan,nan,nan,nan,nan,nan,nan,nan,nan,nan,nan,nan,nan,nan,nan,nan,nan,nan,nan,nan,nan,nan,nan,nan,0.43621
61,nan,0,0,10,8.025,1.605,nan,nan,nan,nan,False,nan,nan,nan,nan,nan,nan,nan,nan,nan,nan,nan,nan,nan,nan,nan,nan,nan,nan,nan,nan,nan,nan,nan,nan,nan,0.43726
62,nan,0,0,10,8.05,1.6099999999999999,nan,nan,nan,nan,False,nan,nan,nan,nan,nan,nan,nan,nan,nan,nan,nan,nan,nan,nan,nan,nan,nan,nan,nan,nan,nan,nan,nan,nan,nan,0.4372
63,nan,0,0,10,8.075,1.615,nan,nan,nan,nan,False,nan,nan,nan,nan,nan,nan,nan,nan,nan,nan,nan,nan,nan,nan,nan,nan,nan,nan,nan,nan,nan,nan,nan,nan,nan,0.43794
64,nan,0,0,10,8.1,1.6199999999999999,nan,nan,nan,nan,False,nan,nan,nan,nan,nan,nan,nan,nan,nan,nan,nan,nan,nan,nan,nan,nan,nan,nan,nan,nan,nan,nan,nan,nan,nan,0.43824
65,nan,0,0,10,8.125,1.625,nan,nan,nan,nan,False,nan,nan,nan,nan,nan,nan,nan,nan,nan,nan,nan,nan,nan,nan,nan,nan,nan,nan,nan,nan,nan,nan,nan,nan,nan,0.43906
66,nan,0,0,10,8.15,1.63,nan,nan,nan,nan,False,nan,nan,nan,nan,nan,nan,nan,nan,nan,nan,nan,nan,nan,nan,nan,nan,nan,nan,nan,nan,nan,nan,nan,nan,nan,0.43976
67,nan,0,0,10,8.175,1.635,nan,nan,nan,nan,False,nan,nan,nan,nan,nan,nan,nan,nan,nan,nan,nan,nan,nan,nan,nan,nan,nan,nan,nan,nan,nan,nan,nan,nan,nan,0.4401
68,nan,0,0,10,8.2,1.64,nan,nan,nan,nan,False,nan,nan,nan,nan,nan,nan,nan,nan,nan,nan,nan,nan,nan,nan,nan,nan,nan,nan,nan,nan,nan,nan,nan,nan,nan,0.4398
69,nan,0,0,10,8.225,1.645,nan,nan,nan,nan,False,nan,nan,nan,nan,nan,nan,nan,nan,nan,nan,nan,nan,nan,nan,nan,nan,nan,nan,nan,nan,nan,nan,nan,nan,nan,0.43999
70,nan,0,0,10,8.25,1.65,nan,nan,nan,nan,False,nan,nan,nan,nan,nan,nan,nan,nan,nan,nan,nan,nan,nan,nan,nan,nan,nan,nan,nan,nan,nan,nan,nan,nan,nan,0.43987
71,nan,0,0,10,8.275,1.655,nan,nan,nan,nan,False,nan,nan,nan,nan,nan,nan,nan,nan,nan,nan,nan,nan,nan,nan,nan,nan,nan,nan,nan,nan,nan,nan,nan,nan,nan,0.44001
72,nan,0,0,10,8.3,1.66,nan,nan,nan,nan,False,nan,nan,nan,nan,nan,nan,nan,nan,nan,nan,nan,nan,nan,nan,nan,nan,nan,nan,nan,nan,nan,nan,nan,nan,nan,0.44033
73,nan,0,0,10,8.325,1.665,nan,nan,nan,nan,False,nan,nan,nan,nan,nan,nan,nan,nan,nan,nan,nan,nan,nan,nan,nan,nan,nan,nan,nan,nan,nan,nan,nan,nan,nan,0.44117
74,nan,0,0,10,8.35,1.67,nan,nan,nan,nan,False,nan,nan,nan,nan,nan,nan,nan,nan,nan,nan,nan,nan,nan,nan,nan,nan,nan,nan,nan,nan,nan,nan,nan,nan,nan,0.4413
75,nan,0,0,10,8.375,1.675,nan,nan,nan,nan,False,nan,nan,nan,nan,nan,nan,nan,nan,nan,nan,nan,nan,nan,nan,nan,nan,nan,nan,nan,nan,nan,nan,nan,nan,nan,0.44137
76,nan,0,0,10,8.4,1.68,nan,nan,nan,nan,False,nan,nan,nan,nan,nan,nan,nan,nan,nan,nan,nan,nan,nan,nan,nan,nan,nan,nan,nan,nan,nan,nan,nan,nan,nan,0.44167
77,nan,0,0,10,8.425,1.685,nan,nan,nan,nan,False,nan,nan,nan,nan,nan,nan,nan,nan,nan,nan,nan,nan,nan,nan,nan,nan,nan,nan,nan,nan,nan,nan,nan,nan,nan,0.44216
78,nan,0,0,10,8.45,1.69,nan,nan,nan,nan,False,nan,nan,nan,nan,nan,nan,nan,nan,nan,nan,nan,nan,nan,nan,nan,nan,nan,nan,nan,nan,nan,nan,nan,nan,nan,0.44227
79,nan,0,0,10,8.475,1.6949999999999998,nan,nan,nan,nan,False,nan,nan,nan,nan,nan,nan,nan,nan,nan,nan,nan,nan,nan,nan,nan,nan,nan,nan,nan,nan,nan,nan,nan,nan,nan,0.44237
80,nan,0,0,10,8.5,1.7,nan,nan,nan,nan,False,nan,nan,nan,nan,nan,nan,nan,nan,nan,nan,nan,nan,nan,nan,nan,nan,nan,nan,nan,nan,nan,nan,nan,nan,nan,0.44236
81,nan,0,0,10,8.5,1.7,nan,nan,nan,nan,False,nan,nan,nan,nan,nan,nan,nan,nan,nan,nan,nan,nan,nan,nan,nan,nan,nan,nan,nan,nan,nan,nan,nan,nan,nan,0.44236
82,nan,0,0,10,8.5,1.7,nan,nan,nan,nan,False,nan,nan,nan,nan,nan,nan,nan,nan,nan,nan,nan,nan,nan,nan,nan,nan,nan,nan,nan,nan,nan,nan,nan,nan,nan,0.44208
83,nan,0,0,10,8.5,1.7,nan,nan,nan,nan,False,nan,nan,nan,nan,nan,nan,nan,nan,nan,nan,nan,nan,nan,nan,nan,nan,nan,nan,nan,nan,nan,nan,nan,nan,nan,0.44176
84,nan,0,0,10,8.5,1.7,nan,nan,nan,nan,False,nan,nan,nan,nan,nan,nan,nan,nan,nan,nan,nan,nan,nan,nan,nan,nan,nan,nan,nan,nan,nan,nan,nan,nan,nan,0.44202
85,nan,0,0,10,8.5,1.7,nan,nan,nan,nan,False,nan,nan,nan,nan,nan,nan,nan,nan,nan,nan,nan,nan,nan,nan,nan,nan,nan,nan,nan,nan,nan,nan,nan,nan,nan,0.44263
86,nan,0,0,10,8.5,1.7,nan,nan,nan,nan,False,nan,nan,nan,nan,nan,nan,nan,nan,nan,nan,nan,nan,nan,nan,nan,nan,nan,nan,nan,nan,nan,nan,nan,nan,nan,0.44279
87,nan,0,0,10,8.5,1.7,nan,nan,nan,nan,False,nan,nan,nan,nan,nan,nan,nan,nan,nan,nan,nan,nan,nan,nan,nan,nan,nan,nan,nan,nan,nan,nan,nan,nan,nan,0.44269
88,nan,0,0,10,8.5,1.7,nan,nan,nan,nan,False,nan,nan,nan,nan,nan,nan,nan,nan,nan,nan,nan,nan,nan,nan,nan,nan,nan,nan,nan,nan,nan,nan,nan,nan,nan,0.44256
89,nan,0,0,10,8.5,1.7,nan,nan,nan,nan,False,nan,nan,nan,nan,nan,nan,nan,nan,nan,nan,nan,nan,nan,nan,nan,nan,nan,nan,nan,nan,nan,nan,nan,nan,nan,0.4427
90,nan,0,0,10,8.5,1.7,nan,nan,nan,nan,False,nan,nan,nan,nan,nan,nan,nan,nan,nan,nan,nan,nan,nan,nan,nan,nan,nan,nan,nan,nan,nan,nan,nan,nan,nan,0.44241
91,nan,0,0,10,8.5,1.7,nan,nan,nan,nan,False,nan,nan,nan,nan,nan,nan,nan,nan,nan,nan,nan,nan,nan,nan,nan,nan,nan,nan,nan,nan,nan,nan,nan,nan,nan,0.44238
92,nan,0,0,10,8.5,1.7,nan,nan,nan,nan,False,nan,nan,nan,nan,nan,nan,nan,nan,nan,nan,nan,nan,nan,nan,nan,nan,nan,nan,nan,nan,nan,nan,nan,nan,nan,0.4426
93,nan,0,0,10,8.5,1.7,nan,nan,nan,nan,False,nan,nan,nan,nan,nan,nan,nan,nan,nan,nan,nan,nan,nan,nan,nan,nan,nan,nan,nan,nan,nan,nan,nan,nan,nan,0.44257
94,nan,0,0,10,8.5,1.7,nan,nan,nan,nan,False,nan,nan,nan,nan,nan,nan,nan,nan,nan,nan,nan,nan,nan,nan,nan,nan,nan,nan,nan,nan,nan,nan,nan,nan,nan,0.44228
95,nan,0,0,10,8.5,1.7,nan,nan,nan,nan,False,nan,nan,nan,nan,nan,nan,nan,nan,nan,nan,nan,nan,nan,nan,nan,nan,nan,nan,nan,nan,nan,nan,nan,nan,nan,0.44269
96,nan,0,0,10,8.5,1.7,nan,nan,nan,nan,False,nan,nan,nan,nan,nan,nan,nan,nan,nan,nan,nan,nan,nan,nan,nan,nan,nan,nan,nan,nan,nan,nan,nan,nan,nan,0.44259
97,nan,0,0,10,8.5,1.7,nan,nan,nan,nan,False,nan,nan,nan,nan,nan,nan,nan,nan,nan,nan,nan,nan,nan,nan,nan,nan,nan,nan,nan,nan,nan,nan,nan,nan,nan,0.44308
98,nan,0,0,10,8.5,1.7,nan,nan,nan,nan,False,nan,nan,nan,nan,nan,nan,nan,nan,nan,nan,nan,nan,nan,nan,nan,nan,nan,nan,nan,nan,nan,nan,nan,nan,nan,0.44354
99,nan,0,0,10,8.5,1.7,nan,nan,nan,nan,False,nan,nan,nan,nan,nan,nan,nan,nan,nan,nan,nan,nan,nan,nan,nan,nan,nan,nan,nan,nan,nan,nan,nan,nan,nan,0.44344
100,nan,0,0,10,8.5,1.7,nan,nan,nan,nan,False,nan,nan,nan,nan,nan,nan,nan,nan,nan,nan,nan,nan,nan,nan,nan,nan,nan,nan,nan,nan,nan,nan,nan,nan,nan,0.44341
101,nan,0,0,10,8.5,1.7,nan,nan,nan,nan,False,nan,nan,nan,nan,nan,nan,nan,nan,nan,nan,nan,nan,nan,nan,nan,nan,nan,nan,nan,nan,nan,nan,nan,nan,nan,0.44377
102,nan,0,0,10,8.5,1.7,nan,nan,nan,nan,False,nan,nan,nan,nan,nan,nan,nan,nan,nan,nan,nan,nan,nan,nan,nan,nan,nan,nan,nan,nan,nan,nan,nan,nan,nan,0.44373
103,nan,0,0,10,8.5,1.7,nan,nan,nan,nan,False,nan,nan,nan,nan,nan,nan,nan,nan,nan,nan,nan,nan,nan,nan,nan,nan,nan,nan,nan,nan,nan,nan,nan,nan,nan,0.44413
104,nan,0,0,10,8.5,1.7,nan,nan,nan,nan,False,nan,nan,nan,nan,nan,nan,nan,nan,nan,nan,nan,nan,nan,nan,nan,nan,nan,nan,nan,nan,nan,nan,nan,nan,nan,0.44404
105,nan,0,0,10,8.5,1.7,nan,nan,nan,nan,False,nan,nan,nan,nan,nan,nan,nan,nan,nan,nan,nan,nan,nan,nan,nan,nan,nan,nan,nan,nan,nan,nan,nan,nan,nan,0.44431
106,nan,0,0,10,8.5,1.7,nan,nan,nan,nan,False,nan,nan,nan,nan,nan,nan,nan,nan,nan,nan,nan,nan,nan,nan,nan,nan,nan,nan,nan,nan,nan,nan,nan,nan,nan,0.44414
107,nan,0,0,10,8.5,1.7,nan,nan,nan,nan,False,nan,nan,nan,nan,nan,nan,nan,nan,nan,nan,nan,nan,nan,nan,nan,nan,nan,nan,nan,nan,nan,nan,nan,nan,nan,0.44412
108,nan,0,0,10,8.5,1.7,nan,nan,nan,nan,False,nan,nan,nan,nan,nan,nan,nan,nan,nan,nan,nan,nan,nan,nan,nan,nan,nan,nan,nan,nan,nan,nan,nan,nan,nan,0.44468
109,nan,0,0,10,8.5,1.7,nan,nan,nan,nan,False,nan,nan,nan,nan,nan,nan,nan,nan,nan,nan,nan,nan,nan,nan,nan,nan,nan,nan,nan,nan,nan,nan,nan,nan,nan,0.4446
110,nan,0,0,10,8.5,1.7,nan,nan,nan,nan,False,nan,nan,nan,nan,nan,nan,nan,nan,nan,nan,nan,nan,nan,nan,nan,nan,nan,nan,nan,nan,nan,nan,nan,nan,nan,0.44447
111,nan,0,0,10,8.5,1.7,nan,nan,nan,nan,False,nan,nan,nan,nan,nan,nan,nan,nan,nan,nan,nan,nan,nan,nan,nan,nan,nan,nan,nan,nan,nan,nan,nan,nan,nan,0.4448
112,nan,0,0,10,8.5,1.7,nan,nan,nan,nan,False,nan,nan,nan,nan,nan,nan,nan,nan,nan,nan,nan,nan,nan,nan,nan,nan,nan,nan,nan,nan,nan,nan,nan,nan,nan,0.44464
113,nan,0,0,10,8.5,1.7,nan,nan,nan,nan,False,nan,nan,nan,nan,nan,nan,nan,nan,nan,nan,nan,nan,nan,nan,nan,nan,nan,nan,nan,nan,nan,nan,nan,nan,nan,0.44491
114,nan,0,0,10,8.5,1.7,nan,nan,nan,nan,False,nan,nan,nan,nan,nan,nan,nan,nan,nan,nan,nan,nan,nan,nan,nan,nan,nan,nan,nan,nan,nan,nan,nan,nan,nan,0.44487
115,nan,0,0,10,8.5,1.7,nan,nan,nan,nan,False,nan,nan,nan,nan,nan,nan,nan,nan,nan,nan,nan,nan,nan,nan,nan,nan,nan,nan,nan,nan,nan,nan,nan,nan,nan,0.44476
116,nan,0,0,10,8.5,1.7,nan,nan,nan,nan,False,nan,nan,nan,nan,nan,nan,nan,nan,nan,nan,nan,nan,nan,nan,nan,nan,nan,nan,nan,nan,nan,nan,nan,nan,nan,0.445
117,nan,0,0,10,8.5,1.7,nan,nan,nan,nan,False,nan,nan,nan,nan,nan,nan,nan,nan,nan,nan,nan,nan,nan,nan,nan,nan,nan,nan,nan,nan,nan,nan,nan,nan,nan,0.44516
118,nan,0,0,10,8.5,1.7,nan,nan,nan,nan,False,nan,nan,nan,nan,nan,nan,nan,nan,nan,nan,nan,nan,nan,nan,nan,nan,nan,nan,nan,nan,nan,nan,nan,nan,nan,0.44522
119,nan,0,0,10,8.5,1.7,nan,nan,nan,nan,False,nan,nan,nan,nan,nan,nan,nan,nan,nan,nan,nan,nan,nan,nan,nan,nan,nan,nan,nan,nan,nan,nan,nan,nan,nan,0.4451
120,nan,0,0,10,8.5,1.7,nan,nan,nan,nan,False,nan,nan,nan,nan,nan,nan,nan,nan,nan,nan,nan,nan,nan,nan,nan,nan,nan,nan,nan,nan,nan,nan,nan,nan,nan,0.44482
121,nan,0,0,10,8.5,1.7,nan,nan,nan,nan,False,nan,nan,nan,nan,nan,nan,nan,nan,nan,nan,nan,nan,nan,nan,nan,nan,nan,nan,nan,nan,nan,nan,nan,nan,nan,0.44518
122,nan,0,0,10,8.5,1.7,nan,nan,nan,nan,False,nan,nan,nan,nan,nan,nan,nan,nan,nan,nan,nan,nan,nan,nan,nan,nan,nan,nan,nan,nan,nan,nan,nan,nan,nan,0.44505
123,nan,0,0,10,8.5,1.7,nan,nan,nan,nan,False,nan,nan,nan,nan,nan,nan,nan,nan,nan,nan,nan,nan,nan,nan,nan,nan,nan,nan,nan,nan,nan,nan,nan,nan,nan,0.44475
124,nan,0,0,10,8.5,1.7,nan,nan,nan,nan,False,nan,nan,nan,nan,nan,nan,nan,nan,nan,nan,nan,nan,nan,nan,nan,nan,nan,nan,nan,nan,nan,nan,nan,nan,nan,0.44514
125,nan,0,0,10,8.5,1.7,nan,nan,nan,nan,False,nan,nan,nan,nan,nan,nan,nan,nan,nan,nan,nan,nan,nan,nan,nan,nan,nan,nan,nan,nan,nan,nan,nan,nan,nan,0.44501
126,nan,0,0,10,8.5,1.7,nan,nan,nan,nan,False,nan,nan,nan,nan,nan,nan,nan,nan,nan,nan,nan,nan,nan,nan,nan,nan,nan,nan,nan,nan,nan,nan,nan,nan,nan,0.44506
127,nan,0,0,10,8.5,1.7,nan,nan,nan,nan,False,nan,nan,nan,nan,nan,nan,nan,nan,nan,nan,nan,nan,nan,nan,nan,nan,nan,nan,nan,nan,nan,nan,nan,nan,nan,0.44513
128,nan,0,0,10,8.5,1.7,nan,nan,nan,nan,False,nan,nan,nan,nan,nan,nan,nan,nan,nan,nan,nan,nan,nan,nan,nan,nan,nan,nan,nan,nan,nan,nan,nan,nan,nan,0.44505
129,nan,0,0,10,8.5,1.7,nan,nan,nan,nan,False,nan,nan,nan,nan,nan,nan,nan,nan,nan,nan,nan,nan,nan,nan,nan,nan,nan,nan,nan,nan,nan,nan,nan,nan,nan,0.44517
130,nan,0,0,10,8.5,1.7,nan,nan,nan,nan,False,nan,nan,nan,nan,nan,nan,nan,nan,nan,nan,nan,nan,nan,nan,nan,nan,nan,nan,nan,nan,nan,nan,nan,nan,nan,0.44491
131,nan,0,0,10,8.5,1.7,nan,nan,nan,nan,False,nan,nan,nan,nan,nan,nan,nan,nan,nan,nan,nan,nan,nan,nan,nan,nan,nan,nan,nan,nan,nan,nan,nan,nan,nan,0.44507
132,nan,0,0,10,8.5,1.7,nan,nan,nan,nan,False,nan,nan,nan,nan,nan,nan,nan,nan,nan,nan,nan,nan,nan,nan,nan,nan,nan,nan,nan,nan,nan,nan,nan,nan,nan,0.44501
133,nan,0,0,10,8.5,1.7,nan,nan,nan,nan,False,nan,nan,nan,nan,nan,nan,nan,nan,nan,nan,nan,nan,nan,nan,nan,nan,nan,nan,nan,nan,nan,nan,nan,nan,nan,0.44538
134,nan,0,0,10,8.5,1.7,nan,nan,nan,nan,False,nan,nan,nan,nan,nan,nan,nan,nan,nan,nan,nan,nan,nan,nan,nan,nan,nan,nan,nan,nan,nan,nan,nan,nan,nan,0.44537
135,nan,0,0,10,8.5,1.7,nan,nan,nan,nan,False,nan,nan,nan,nan,nan,nan,nan,nan,nan,nan,nan,nan,nan,nan,nan,nan,nan,nan,nan,nan,nan,nan,nan,nan,nan,0.44529
136,nan,0,0,10,8.5,1.7,nan,nan,nan,nan,False,nan,nan,nan,nan,nan,nan,nan,nan,nan,nan,nan,nan,nan,nan,nan,nan,nan,nan,nan,nan,nan,nan,nan,nan,nan,0.44583
137,nan,0,0,10,8.5,1.7,nan,nan,nan,nan,False,nan,nan,nan,nan,nan,nan,nan,nan,nan,nan,nan,nan,nan,nan,nan,nan,nan,nan,nan,nan,nan,nan,nan,nan,nan,0.44556
138,nan,0,0,10,8.5,1.7,nan,nan,nan,nan,False,nan,nan,nan,nan,nan,nan,nan,nan,nan,nan,nan,nan,nan,nan,nan,nan,nan,nan,nan,nan,nan,nan,nan,nan,nan,0.44581
139,nan,0,0,10,8.5,1.7,nan,nan,nan,nan,False,nan,nan,nan,nan,nan,nan,nan,nan,nan,nan,nan,nan,nan,nan,nan,nan,nan,nan,nan,nan,nan,nan,nan,nan,nan,0.44533
140,nan,0,0,10,8.5,1.7,nan,nan,nan,nan,False,nan,nan,nan,nan,nan,nan,nan,nan,nan,nan,nan,nan,nan,nan,nan,nan,nan,nan,nan,nan,nan,nan,nan,nan,nan,0.44542
141,nan,0,0,10,8.5,1.7,nan,nan,nan,nan,False,nan,nan,nan,nan,nan,nan,nan,nan,nan,nan,nan,nan,nan,nan,nan,nan,nan,nan,nan,nan,nan,nan,nan,nan,nan,0.44533
142,nan,0,0,10,8.5,1.7,nan,nan,nan,nan,False,nan,nan,nan,nan,nan,nan,nan,nan,nan,nan,nan,nan,nan,nan,nan,nan,nan,nan,nan,nan,nan,nan,nan,nan,nan,0.44507
143,nan,0,0,10,8.5,1.7,nan,nan,nan,nan,False,nan,nan,nan,nan,nan,nan,nan,nan,nan,nan,nan,nan,nan,nan,nan,nan,nan,nan,nan,nan,nan,nan,nan,nan,nan,0.44524
144,nan,0,0,10,8.5,1.7,nan,nan,nan,nan,False,nan,nan,nan,nan,nan,nan,nan,nan,nan,nan,nan,nan,nan,nan,nan,nan,nan,nan,nan,nan,nan,nan,nan,nan,nan,0.44545
145,nan,0,0,10,8.5,1.7,nan,nan,nan,nan,False,nan,nan,nan,nan,nan,nan,nan,nan,nan,nan,nan,nan,nan,nan,nan,nan,nan,nan,nan,nan,nan,nan,nan,nan,nan,0.44541
146,nan,0,0,10,8.5,1.7,nan,nan,nan,nan,False,nan,nan,nan,nan,nan,nan,nan,nan,nan,nan,nan,nan,nan,nan,nan,nan,nan,nan,nan,nan,nan,nan,nan,nan,nan,0.4453
147,nan,0,0,10,8.5,1.7,nan,nan,nan,nan,False,nan,nan,nan,nan,nan,nan,nan,nan,nan,nan,nan,nan,nan,nan,nan,nan,nan,nan,nan,nan,nan,nan,nan,nan,nan,0.44529
148,nan,0,0,10,8.5,1.7,nan,nan,nan,nan,False,nan,nan,nan,nan,nan,nan,nan,nan,nan,nan,nan,nan,nan,nan,nan,nan,nan,nan,nan,nan,nan,nan,nan,nan,nan,0.44524
149,nan,0,0,10,8.5,1.7,nan,nan,nan,nan,False,nan,nan,nan,nan,nan,nan,nan,nan,nan,nan,nan,nan,nan,nan,nan,nan,nan,nan,nan,nan,nan,nan,nan,nan,nan,0.44547
150,nan,0,0,10,8.5,1.7,nan,nan,nan,nan,False,nan,nan,nan,nan,nan,nan,nan,nan,nan,nan,nan,nan,nan,nan,nan,nan,nan,nan,nan,nan,nan,nan,nan,nan,nan,0.44531
151,nan,0,0,10,8.5,1.7,nan,nan,nan,nan,False,nan,nan,nan,nan,nan,nan,nan,nan,nan,nan,nan,nan,nan,nan,nan,nan,nan,nan,nan,nan,nan,nan,nan,nan,nan,0.44537
152,nan,0,0,10,8.5,1.7,nan,nan,nan,nan,False,nan,nan,nan,nan,nan,nan,nan,nan,nan,nan,nan,nan,nan,nan,nan,nan,nan,nan,nan,nan,nan,nan,nan,nan,nan,0.44532
153,nan,0,0,10,8.5,1.7,nan,nan,nan,nan,False,nan,nan,nan,nan,nan,nan,nan,nan,nan,nan,nan,nan,nan,nan,nan,nan,nan,nan,nan,nan,nan,nan,nan,nan,nan,0.4453
154,nan,0,0,10,8.5,1.7,nan,nan,nan,nan,False,nan,nan,nan,nan,nan,nan,nan,nan,nan,nan,nan,nan,nan,nan,nan,nan,nan,nan,nan,nan,nan,nan,nan,nan,nan,0.44509
155,nan,0,0,10,8.5,1.7,nan,nan,nan,nan,False,nan,nan,nan,nan,nan,nan,nan,nan,nan,nan,nan,nan,nan,nan,nan,nan,nan,nan,nan,nan,nan,nan,nan,nan,nan,0.44513
156,nan,0,0,10,8.5,1.7,nan,nan,nan,nan,False,nan,nan,nan,nan,nan,nan,nan,nan,nan,nan,nan,nan,nan,nan,nan,nan,nan,nan,nan,nan,nan,nan,nan,nan,nan,0.44527
157,nan,0,0,10,8.5,1.7,nan,nan,nan,nan,False,nan,nan,nan,nan,nan,nan,nan,nan,nan,nan,nan,nan,nan,nan,nan,nan,nan,nan,nan,nan,nan,nan,nan,nan,nan,0.44547
158,nan,0,0,10,8.5,1.7,nan,nan,nan,nan,False,nan,nan,nan,nan,nan,nan,nan,nan,nan,nan,nan,nan,nan,nan,nan,nan,nan,nan,nan,nan,nan,nan,nan,nan,nan,0.44521
159,nan,0,0,10,8.5,1.7,nan,nan,nan,nan,False,nan,nan,nan,nan,nan,nan,nan,nan,nan,nan,nan,nan,nan,nan,nan,nan,nan,nan,nan,nan,nan,nan,nan,nan,nan,0.44503
160,nan,0,0,10,8.5,1.7,nan,nan,nan,nan,False,nan,nan,nan,nan,nan,nan,nan,nan,nan,nan,nan,nan,nan,nan,nan,nan,nan,nan,nan,nan,nan,nan,nan,nan,nan,0.44518
161,nan,0,0,10,8.5,1.7,nan,nan,nan,nan,False,nan,nan,nan,nan,nan,nan,nan,nan,nan,nan,nan,nan,nan,nan,nan,nan,nan,nan,nan,nan,nan,nan,nan,nan,nan,0.44518
162,nan,0,0,10,8.5,1.7,nan,nan,nan,nan,False,nan,nan,nan,nan,nan,nan,nan,nan,nan,nan,nan,nan,nan,nan,nan,nan,nan,nan,nan,nan,nan,nan,nan,nan,nan,0.44526
163,nan,0,0,10,8.5,1.7,nan,nan,nan,nan,False,nan,nan,nan,nan,nan,nan,nan,nan,nan,nan,nan,nan,nan,nan,nan,nan,nan,nan,nan,nan,nan,nan,nan,nan,nan,0.44478
164,nan,0,0,10,8.5,1.7,nan,nan,nan,nan,False,nan,nan,nan,nan,nan,nan,nan,nan,nan,nan,nan,nan,nan,nan,nan,nan,nan,nan,nan,nan,nan,nan,nan,nan,nan,0.44483
